,Valid Domains,MXRecords
0,ps3brooklyn.org,alt3.aspmx.l.google.com.
1,ps58brooklyn.org,eforward3.registrar-servers.com.
2,ms61.org,frontline-mx.email-protect.gosecure.net.
3,jhs292.org,alt4.aspmx.l.google.com.
4,007k.org,mail.echalk.com.
5,ps8brooklyn.org,aspmx2.googlemail.com.
6,ps9brooklyn.org,aspmx.l.google.com.
7,ps10.org,aspmx.l.google.com.
8,ps11bk.org,alt4.aspmx.l.google.com.
9,is68.org,alt2.aspmx.l.google.com.
10,ps69k.org,smtp.google.com.
11,successacademies.org,alt4.aspmx.l.google.com.
12,juanmorelcampos.org,mailstore1.secureserver.net.
13,ps295.org,aspmx.l.google.com.
14,ps186.org,alt2.aspmx.l.google.com.
15,ps299.org,alt3.aspmx.l.google.com.
16,ps308k.org,aspmx.l.google.com.
17,ps15k.org,alt1.aspmx.l.google.com.
18,ps20.org,alt2.aspmx.l.google.com.
19,ps84k.org,alt3.aspmx.l.google.com.
20,ms88.org,alt3.aspmx.l.google.com.
21,chcs89.org,aspmx3.googlemail.com.
22,ps310knyc.org,alt1.aspmx.l.google.com.
23,ps32.org,aspmx2.googlemail.com.
24,ps95bk.org,mail.echalk.com.
25,ps34.org,mail.echalk.com.
26,sethlowis96.org,alt4.aspmx.l.google.com.
27,ms35k.org,aspmx2.googlemail.com.
28,ps97.org,aspmx2.googlemail.com.
29,p36k.org,aspmx.l.google.com.
30,is201k.org,mail.echalk.com.
31,22k315.org,alt2.aspmx.l.google.com.
32,ps316brooklyn.org,alt4.aspmx.l.google.com.
33,bwccs2.org,alt2.aspmx.l.google.com.
34,ps39.org,ALT2.ASPMX.L.google.com.
35,ps205clarion.org,alt1.aspmx.l.google.com.
36,ps321.org,alt2.asmpx.l.google.com.
37,ps102.org,aspmx.l.google.com.
38,ps105k.org,mail.echalk.com.
39,ps326.org,alt1.aspmx.l.google.com.
40,ps107.org,ASPMX2.GOOGLEMAIL.COM.
41,ps212brooklyn.org,alt2.aspmx.l.google.com.
42,ps48mapletonschool.org,aspmx.l.google.com.
43,ps108k.org,aspmx2.googlemail.com.
44,ms50.org,aspmx.l.google.com.
45,ps110k.org,alt1.aspmx.l.google.com.
46,ps214k.org,aspmx.l.google.com.
47,exploreschools.org,aspmx.l.google.com.
48,ps215.org,alt4.aspmx.l.google.com.
49,p53k.org,smtp.secureserver.net.
50,relc113bk.org,alt2.aspmx.l.google.com.
51,inths.org,aspmx2.googlemail.com.
52,ps56k.org,aspmx.l.google.com.
53,ps115brooklyn.org,ps115brooklyn.org.
54,rachelcarsonhs.org,aspmx3.googlemail.com.
55,ps219.org,alt2.aspmx.l.google.com.
56,mauricesendakcommunityschool.org,aspmx5.googlemail.com.
57,is220.org,mail.is220.org.
58,blog.org,.
59,ps120k.org,alt1.aspmx.l.google.com.
60,thehssm.org,alt4.aspmx.l.google.com.
61,madisonhs.org,alt1.aspmx.l.google.com.
62,publicschool121.org,alt3.aspmx.l.google.com.
63,digitaltechhs.org,aspmx2.googlemail.com.
64,is349.org,alt2.aspmx.l.google.com.
65,ps224.org,alt2.aspmx.l.google.com.
66,bths.org,mx.bths.org.
67,uamusicandart.org,aspmx.l.google.com.
68,mybihs.org,alt2.aspmx.l.google.com.
69,uaunisonschool.org,alt4.aspmx.l.google.com.
70,ms442.org,alt3.aspmx.l.google.com.
71,psis226.org,mx.psis226.org.cust.b.hostedemail.com.
72,ps124brooklyn.org,mail.ps124brooklyn.org.
73,is228.org,aspmx2.googlemail.com.
74,efms352.org,aspmx3.googlemail.com.
75,ms447.org,aspmx.l.google.com.
76,bcs448.org,alt3.aspmx.l.google.com.
77,mckinleypark127.org,mail.echalk.com.
78,brooklynlatin.org,alt1.aspmx.l.google.com.
79,ps230.org,alt1.aspmx.l.google.com.
80,ps128bk.org,aspmx2.googlemail.com.
81,whsat.org,alt4.aspmx.l.google.com.
82,nyc.org,.
83,boysandgirlshs.org,alt4.aspmx.l.google.com.
84,achievementfirst.org,achievementfirst-org.mail.protection.outlook.com.
85,johnjaylawhs.org,aspmx.l.google.com.
86,kippnyc.org,mxb-004c9a01.gslb.pphosted.com.
87,parkslopecollegiate.org,alt2.aspmx.l.google.com.
88,kecss.org,mail.kecss.org.
89,launchschool.org,alt3.aspmx.l.google.com.
90,thewcs.org,aspmx.l.google.com.
91,ps133brooklyn.org,alt3.aspmx.l.google.com.
92,ew-sa.org,aspmx.l.google.com.
93,hccs-nys.org,aspmx.l.google.com.
94,bcmsbengals.org,alt4.aspmx.l.google.com.
95,ps233.org,alt2.aspmx.l.google.com.
96,is234.org,aspmx.l.google.com.
97,sljhs.org,aspmx3.googlemail.com.
98,ms484.org,alt2.aspmx.l.google.com.
99,hstat.org,alt4.aspmx.l.google.com.
100,369k.org,alt2.aspmx.l.google.com.
101,ps139.org,ALT3.ASPMX.L.GOOGLE.COM.
102,p140k.org,aspmx.l.google.com.
103,ndchsbrooklyn.org,ndchsbrooklyn-org.mail.protection.outlook.com.
104,370k.org,alt3.aspmx.l.google.com.
105,twain239.org,ASPMX.L.GOOGLE.COM.
106,p371k.org,alt3.aspmx.l.google.com.
107,p141k.org,aspmx.l.google.com.
108,brooklynprephs.org,alt1.aspmx.l.google.com.
109,inclusions.org,mail.inclusions.org.
110,fthhs.org,mailstore1.secureserver.net.
111,bns146.org,aspmx.l.google.com.
112,ps241.org,mail.echalk.com.
113,p373kbtc.org,aspmx.l.google.com.
114,ps376q.org,alt4.aspmx.l.google.com.
115,ps247.org,mail.echalk.com.
116,ps503online.org,alt3.aspmx.l.google.com.
117,fdrhs.org,aspmx2.googlemail.com.
118,is381.org,aspmx.l.google.com.
119,pathsnyc.org,alt4.aspmx.l.google.com.
120,philippaschuyler383.org,aspmx2.googlemail.com.
121,fec384.org,aspmx2.googlemail.com.
122,is392.org,alt1.aspmx.l.google.com.
123,fda7.org,aspmx2.googlemail.com.
124,sunsetparkavenues.org,alt2.aspmx.l.google.com.
125,newvisions.org,aspmx.l.google.com.
126,fosterlaurie.org,aspmx.l.google.com.
127,kappav.org,aspmx2.googlemail.com.
128,ps151k.org,aspmx.l.google.com.
129,ps154.org,aspmx.l.google.com.
130,k156.org,alt2.aspmx.l.google.com.
131,ps161.org,alt1.aspmx.l.google.com.
132,ps164.org,alt2.aspmx.l.google.com.
133,ps169brooklyn.org,alt1.aspmx.l.google.com.
134,ps255.org,aspmx.l.google.com.
135,ps176.org,alt3.aspmx.l.google.com.
136,mckinley259.org,aspmx.l.google.com.
137,ps261brooklyn.org,alt1.aspmx.l.google.com.
138,ms267.org,alt1.aspmx.l.google.com.
139,ps268.org,aspmx3.googlemail.com.
140,mhsbk.org,aspmx2.googlemail.com.
141,ps270.org,alt4.aspmx.l.google.com.
142,lyonscommunityschool.org,alt2.aspmx.l.google.com.
143,ms-ap.org,alt3.aspmx.l.google.com.
144,mecps.org,alt4.aspmx.l.google.com.
145,khalilgibranhs.org,alt3.aspmx.l.google.com.
146,ps274.org,alt2.aspmx.l.google.com.
147,gothamacademy.org,alt2.aspmx.l.google.com.
148,clarabartonhs.org,aspmx.l.google.com.
149,westinghousehs.org,ASPMX.L.GOOGLE.COM.
150,ihsph.org,alt1.aspmx.l.google.com.
151,uascriminaljustice.org,alt3.aspmx.l.google.com.
152,atechhs.org,alt3.aspmx.l.google.com.
153,uainstitute.org,aspmx.l.google.com.
154,tywlsbrooklyn.org,alt1.aspmx.l.google.com.
155,282parkslope.org,alt4.aspmx.l.google.com.
156,transittechhs.org,alt4.aspmx.l.google.com.
157,gjs284.org,alt2.aspmx.l.google.com.
158,aelnyc.org,alt3.aspmx.l.google.com.
159,iam-hs.org,aspmx2.googlemail.com.
160,afyw.org,aspmx.l.google.com.
161,aoiths.org,aspmx.l.google.com.
162,midwoodhighschool.org,aspmx.l.google.com.
163,lmghs.org,alt2.aspmx.l.google.com.
164,welovebccs.org,aspmx.l.google.com.
165,brooklynbrownstoneschool.org,smtp.secureserver.net.
166,aohterasmus.org,aspmx.l.google.com.
167,alhs.org,localhost.
168,bcamhs.org,aspmx.l.google.com.
169,urbanactionacademy.org,alt4.aspmx.l.google.com.
170,brooklynarbor.org,aspmx.l.google.com.
171,urbandove.org,alt1.aspmx.l.google.com.
172,communityroots.org,alt2.aspmx.l.google.com.
173,ycdhs.org,alt4.aspmx.l.google.com.
174,lacimacharterschool.org,alt1.aspmx.l.google.com.
175,paveschools.org,alt2.aspmx.l.google.com.
176,scienceskillscenterhs.org,scienceskillscenterhs-org.mail.protection.outlook.com.
177,ascendlearning.org,us-smtp-inbound-1.mimecast.com.
178,sccsbrooklyn.org,aspmx.l.google.com.
179,vscschool.org,vscschool.org.
180,hsslnyc.org,alt3.aspmx.l.google.com.
181,brooklynfrontiers.org,ASPMX.L.GOOGLE.COM.
182,chcpschool.org,mail.chcpschool.org.
183,johndeweyhighschool.org,alt4.aspmx.l.google.com.
184,nhaschools.org,mxbiz2.qq.com.
185,mesacharter.org,aspmx.l.google.com.
186,sofbk.org,smtp.google.com.
187,tnaacs.org,aspmx.l.google.com.
188,sunsetparkhighschool.org,aspmx3.googlemail.com.
189,brooklynacademyhs.org,aspmx3.googlemail.com.
190,hlacharterschool.org,alt2.aspmx.l.google.com.
191,ebchighschool.org,alt2.aspmx.l.google.com.
192,citypolyhs.org,alt3.aspmx.l.google.com.
193,nyharbormiddleschool.org,alt3.aspmx.l.google.com.
194,bges.org,.
195,whsad.org,ALT1.ASPMX.L.GOOGLE.COM.
196,unityprep.org,alt1.aspmx.l.google.com.
197,bugsbrooklyn.org,aspmx.l.google.com.
198,williamsburgprep.org,alt2.aspmx.l.google.com.
199,highlandparkcommunityschool.org,smtp.secureserver.net.
200,madibaprep.org,smtp.secureserver.net.
201,taots.org,aspmx.l.google.com.
202,bktheatrearts.org,mail.bktheatrearts.org.
203,millenniumbrooklynhs.org,alt2.aspmx.l.google.com.
204,elpuente.org,alt3.aspmx.l.google.com.
205,bsi686.org,aspmx.l.google.com.
206,kurthahnschool.org,aspmx.l.google.com.
207,bkagf.org,alt2.aspmx.l.google.com.
208,nycoutwardbound.org,alt2.aspmx.l.google.com.
209,icsnyc.org,ghs.google.com.
210,hydebrooklyn.org,hydebrooklyn-org.mail.protection.outlook.com.
211,victorycollegiate.org,alt2.aspmx.l.google.com.
212,ps770.org,smtp.secureserver.net.
213,p771k.org,aspmx.l.google.com.
214,northsidechs.org,alt2.aspmx.l.google.com.
215,mysbchs.org,alt3.aspmx.l.google.com.
216,brooklyncharter.org,aspmx2.googlemail.com.
217,cpcsschool.org,alt3.aspmx.l.google.com.
218,bsnbcs.org,aspmx3.googlemail.com.
219,brooklyncompass.org,alt1.aspmx.l.google.com.
220,culturalartsacademy.org,aspmx2.googlemail.com.
221,brooklynlaboratoryschool.org,alt3.aspmx.l.google.com.
222,campacharter.org,alt2.aspmx.l.google.com.
223,brooklynartselementary.org,ASPMX.L.GOOGLE.COM.
224,brooklynprospect.org,alt4.aspmx.l.google.com.
225,ms839.org,aspmx2.googlemail.com.
226,ms890.org,aspmx.l.google.com.
227,belahs.org,aspmx.l.google.com.
228,hla2.org,alt2.aspmx.l.google.com.
229,ps896.org,alt3.aspmx.l.google.com.
230,keycollegiate.org,keycollegiate-org.mail.protection.outlook.com.
231,ms915brooklyn.org,aspmx2.googlemail.com.
232,ivyhillprep.org,aspmx.l.google.com.
233,leepacademies.org,leepacademies.org.
234,ps1m.org,aspmx.l.google.com.
235,ps3nyc.org,alt2.aspmx.l.google.com.
236,ps005m.org,aspmx2.googlemail.com.
237,ps6nyc.org,park-mx.above.com.
238,ps9.org,mx.ps9.org.
239,ps11chelsea.org,mailstore1.secureserver.net.
240,brooklynrise.org,alt4.aspmx.l.google.com.
241,echemnyc.org,alt3.aspmx.l.google.com.
242,ps138m.org,alt2.aspmx.l.google.com.
243,matherhsnyc.org,alt1.aspmx.l.google.com.
244,ps142m.org,alt1.aspmx.l.google.com.
245,is143.org,aspmx3.googlemail.com.
246,ps145m.org,alt2.aspmx.l.google.com.
247,ps146.org,alt2.aspmx.l.google.com.
248,eagleharlem.org,aspmx.l.google.com.
249,yorkvillecommunityschool.org,alt1.aspmx.l.google.com.
250,ps158.org,aspmx.l.google.com.
251,x.org,gabe.freedesktop.org.
252,ps20m.org,alt2.aspmx.l.google.com.
253,ps33chelseaprep.org,alt1.aspmx.l.google.com.
254,psms34.org,alt3.aspmx.l.google.com.
255,manhattanhs.org,aspmx2.googlemail.com.
256,rivereastelementary.org,alt2.aspmx.l.google.com.
257,ps165nyc.org,mx2.dreamhost.com.
258,ps166.org,aspmx.l.google.com.
259,wagner167.org,mail.echalk.com.
260,ps40.org,mx1.mailchannels.net.
261,eastharlemscholars.org,aspmx2.googlemail.com.
262,ps41.org,smtp.google.com.
263,ps171.org,alt1.aspmx.l.google.com.
264,ps42m.org,aspmx.l.google.com.
265,47aslhs.org,47aslhs.org.
266,ms177.org,alt1.aspmx.l.google.com.
267,hugonewmanprep.org,webmail.hugonewmanprep.org.
268,ps183.org,alt3.aspmx.l.google.com.
269,lockearts.org,aspmx.l.google.com.
270,harlemhebrewcharter.org,aspmx.l.google.com.
271,187hudsoncliffs.org,aspmx5.googlemail.com.
272,theislandschool.org,alt2.aspmx.l.google.com.
273,ms54.org,alt4.aspmx.l.google.com.
274,democracyprep.org,alt1.aspmx.l.google.com.
275,lowerlab.org,alt1.aspmx.l.google.com.
276,ps192.org,alt2.aspmx.l.google.com.
277,ps198m.org,mx2.zoho.com.
278,manhattancharterschool.org,ALT1.ASPMX.L.GOOGLE.COM.
279,84web.org,aspmx2.googlemail.com.
280,globalcommunitycs.org,aspmx.l.google.com.
281,ps87.org,alt1.aspmx.l.google.com.
282,greatoakscharter.org,alt2.aspmx.l.google.com.
283,capitalprepharlem.org,aspmx.l.google.com.
284,psms206.org,alt1.aspmx.l.google.com.
285,thehamiltongrangeschool.org,ASPMX2.GOOGLEMAIL.COM.
286,p94m.org,alt1.aspmx.l.google.com.
287,ncschools.org,alt1.aspmx.l.google.com.
288,inwoodec.org,alt4.aspmx.l.google.com.
289,ps102m.org,smtp.secureserver.net.
290,midtownwestschool.org,aspmx.l.google.com.
291,themotthall.org,alt1.aspmx.l.google.com.
292,ellabakerschool.org,aspmx.l.google.com.
293,ps234.org,alt3.aspmx.l.google.com.
294,thecomputerschool.org,alt2.aspmx.l.google.com.
295,dospuentes.org,aspmx2.googlemail.com.
296,psms108.org,ASPMX2.GOOGLEMAIL.COM.
297,ps110.org,smtp.secureserver.net.
298,ps111adolphsochs.org,aspmx.l.google.com.
299,ps112m.org,alt3.aspmx.l.google.com.
300,esms.org,alt3.aspmx.l.google.com.
301,ps116.org,aspmx3.googlemail.com.
302,ralphbuncheschool.org,aspmx3.googlemail.com.
303,ps126mat.org,alt4.aspmx.l.google.com.
304,theclintonschool.org,ALT1.ASPMX.L.GOOGLE.COM.
305,cityschoolofthearts.org,alt1.aspmx.l.google.com.
306,ps130m.org,alt2.aspmx.l.google.com.
307,psms278.org,psms278.org.
308,ocsny.org,alt2.aspmx.l.google.com.
309,meca-nyc.org,aspmx.l.google.com.
310,ps281.org,aspmx.l.google.com.
311,hczpromise.org,aspmx2.googlemail.com.
312,harlemrenhs.org,aspmx.l.google.com.
313,foodfinancehs.org,alt1.aspmx.l.google.com.
314,is289.org,alt1.aspmx.l.google.com.
315,ps290.org,alt3.aspmx.l.google.com.
316,orchardcollegiateacademy.org,aspmx.l.google.com.
317,ccaa293.org,aspmx.l.google.com.
318,essexstreetacademy.org,alt3.aspmx.l.google.com.
319,schoolinthesquare.org,alt2.aspmx.l.google.com.
320,75morton.org,alt4.aspmx.l.google.com.
321,uasdc.org,alt2.aspmx.l.google.com.
322,facinghistoryschool.org,alt1.aspmx.l.google.com.
323,uaagl.org,alt3.aspmx.l.google.com.
324,uamhighschool.org,aspmx.l.google.com.
325,amistadschool.org,alt3.aspmx.l.google.com.
326,ms319.org,aspmx.l.google.com.
327,06ms328.org,mailstore1.secureserver.net.
328,harlemlink.org,harlemlink-org.mail.eo.outlook.com.
329,ps132m.org,alt1.aspmx.l.google.com.
330,publicprep.org,alt2.aspmx.l.google.com.
331,ps134.org,alt2.aspmx.l.google.com.
332,ps333.org,aspmx.l.google.com.
333,ps334school.org,alt1.aspmx.l.google.com.
334,harlemvillageacademies.org,harlemvillageacademies-org.mail.protection.outlook.com.
335,nycautismcharterschool.org,mail.nycautismcharterschool.org.
336,iceschoolnyc.org,eforward3.registrar-servers.com.
337,whinmusic.org,alt2.aspmx.l.google.com.
338,ppasnyc.org,mailstore1.secureserver.net.
339,ps340.org,aspmx4.googlemail.com.
340,rrghst.org,alt1.aspmx.l.google.com.
341,nyclabschool.org,alt4.aspmx.l.google.com.
342,peckslip.org,aspmx.l.google.com.
343,ps347.org,aspmx3.googlemail.com.
344,humanitiesprep.org,alt2.aspmx.l.google.com.
345,sof.org,sof-org.mail.protection.outlook.com.
346,wheelsnyc.org,aspmx.l.google.com.
347,tywls.org,ALT2.ASPMX.L.GOOGLE.COM.
348,nycmuseumschool.org,aspmx.l.google.com.
349,chelseacte.org,aspmx.l.google.com.
350,wadleigharts.org,alt1.aspmx.l.google.com.
351,artanddesignhs.org,alt3.aspmx.l.google.com.
352,cascadeshs.org,aspmx.l.google.com.
353,newheightsacademy.org,aspmx.l.google.com.
354,climatejustice.org,smtp.secureserver.net.
355,millenniumhs.org,aspmx2.googlemail.com.
356,tmanyc.org,aspmx2.googlemail.com.
357,hsmse.org,alt4.aspmx.l.google.com.
358,cwsnyc.org,aspmx.l.google.com.
359,sisuluwalker.org,aspmx.l.google.com.
360,columbiasecondary.org,alt1.aspmx.l.google.com.
361,hsacs.org,aspmx2.googlemail.com.
362,tnsny.org,ASPMX5.GOOGLEMAIL.COM.
363,ambercharter.org,alt3.aspmx.l.google.com.
364,jvlwildcat.org,aspmx.l.google.com.
365,imscd.org,aspmx2.googlemail.com.
366,uaperformingarts.org,aspmx.l.google.com.
367,p811m.org,alt2.aspmx.l.google.com.
368,landmarkhs.org,alt2.aspmx.l.google.com.
369,hphsnyc.org,alt2.aspmx.l.google.com.
370,tsmsonline.org,ASPMX3.GOOGLEMAIL.COM.
371,ms421.org,aspmx.l.google.com.
372,kaufmanmusiccenter.org,kaufmanmusiccenter-org.mail.protection.outlook.com.
373,q2l.org,aspmx2.googlemail.com.
374,fda2.org,ms75264424.msv1.invalid.
375,hseigators.org,alt1.aspmx.l.google.com.
376,leadershipnyc.org,alt1.aspmx.l.google.com.
377,motthall2.org,aspmx3.googlemail.COM.
378,maalnyc.org,alt2.aspmx.l.google.com.
379,lmc896.org,aspmx2.googlemail.com.
380,tepcharter.org,tepcharter-org.mail.protection.outlook.com.
381,zetaschools.org,alt4.aspmx.l.google.com.
382,cpe2.org,aspmx.l.google.com.
383,gramercyhs.org,alt1.aspmx.l.google.com.
384,innovationhighschool.org,aspmx.l.google.com.
385,mosaicprep.org,aspmx2.googlemail.com.
386,mcsm.org,mail.mcsm.org.
387,ballettech.org,ALT2.ASPMX.L.GOOGLE.COM.
388,eschs.org,aspmx2.googlemail.com.
389,ps452.org,aspmx4.googlemail.com.
390,mihsnyc.org,alt3.aspmx.l.google.com.
391,myhslps.org,alt2.aspmx.l.google.com.
392,ps2q.org,alt1.aspmx.l.google.com.
393,stuy.org,aspmx3.googlemail.com.
394,is5q.org,aspmx.l.google.com.
395,inwoodacademy.org,inwoodacademy-org.mail.protection.outlook.com.
396,ps7queens.org,aspmx.l.google.com.
397,beaconschool.org,alt1.aspmx.l.google.com.
398,nycischool.org,aspmx.l.google.com.
399,sgl378.org,aspmx2.googlemail.com.
400,ps11q.org,mx-biz.mail.am0.yahoodns.net.
401,laguardiahs.org,alt2.aspmx.l.google.com.
402,ecoandfin.org,alt1.aspmx.l.google.com.
403,lacjhs.org,alt1.aspmx.l.google.com.
404,wearedream.org,alt3.aspmx.l.google.com.
405,hsartstech.org,aspmx3.googlemail.com.
406,parkeasths.org,alt3.aspmx.l.google.com.
407,ps17queens.org,mailstore1.secureserver.net.
408,ps19q.org,aspmx3.googlemail.com.
409,ps20q.org,aspmx.l.google.com.
410,adcs2.org,alt2.aspmx.l.google.com.
411,ps21queens.org,alt1.aspmx.l.google.com.
412,tccsps517.org,alt1.aspmx.l.google.com.
413,mbanyc.org,alt1.aspmx.l.google.com.
414,nycboss.org,aspmx.l.google.com.
415,tuhs.org,minnie.tuhs.org.
416,emmalazarus.org,aspmx4.googlemail.com.
417,aschoolwithoutwalls.org,alt2.aspmx.l.google.com.
418,sprucestreetnyc.org,alt1.aspmx.l.google.com.
419,broomestreetacademy.org,mxa-00354301.gslb.pphosted.com.
420,hsflad.org,route2.mx.cloudflare.net.
421,envirostudies.org,alt4.aspmx.l.google.com.
422,jkohighschool.org,alt4.aspmx.l.googlemail.com.
423,repertorycompanyhs.org,mailstore1.secureserver.net.
424,theglcnyc.org,alt1.aspmx.l.google.com.
425,psms42q.org,alt3.aspmx.l.googlemail.com.
426,innovationdp.org,aspmx2.googlemail.com.
427,unionsquareacademy.org,alt2.aspmx.l.google.com.
428,ps43.org,aspmx.l.google.com.
429,harvestcollegiate.org,aspmx2.googlemail.com.
430,mhshs.org,ALT2.ASPMX.L.GOOGLE.COM.
431,ps48q.org,aspmx3.googlemail.com.
432,ps110q.org,alt2.aspmx.l.google.com.
433,ihsnyc.org,aspmx.l.google.com.
434,ps112q.org,aspmx.l.google.com.
435,afsenyc.org,aspmx.l.google.com.
436,ps58q.org,alt2.aspmx.l.google.com.
437,psms114.org,aspmx.l.google.com.
438,ps115jamesjambrose.org,mx01.ionos.com.
439,ps60q.org,smtp.secureserver.net.
440,newyorkharborschool.org,aspmx.l.google.com.
441,ps062.org,ASPMX.L.GOOGLE.COM.
442,psis119.org,alt2.aspmx.l.google.com.
443,ps120q.org,alt2.aspmx.l.google.com.
444,cityas.org,ALT1.ASPMX.L.GOOGLE.COM.
445,urbanacademy.org,ALT2.ASPMX.L.GOOGLE.COM.
446,satelliteacademy.org,alt2.aspmx.l.google.com.
447,is125q.org,aspmx3.googlemail.com.
448,basiems72q.org,mail.basiems72q.org.
449,is73.org,alt1.aspmx.l.google.com.
450,p75q.org,smtp.secureserver.net.
451,ps76q.org,aspmx5.googlemail.com.
452,ps79q.org,aspmx.l.google.com.
453,ps82q.org,aspmx.l.google.com.
454,centralqueensacademy.org,alt2.aspmx.l.google.com.
455,ps140q.org,alt3.aspmx.l.google.com.
456,ps85q.org,alt4.aspmx.l.google.com.
457,is141.org,alt1.aspmx.l.google.com.
458,ps86q.org,alt3.aspmx.l.google.com.
459,ps221q.org,alt2.aspmx.l.google.com.
460,ps144q.org,alt3.aspmx.l.google.com.
461,youngexplorers222.org,aspmx3.googlemail.com.
462,ps223.org,alt1.aspmx.l.google.com.
463,armstrong227q.org,mx.yandex.net.
464,ps229q.org,alt1.aspmx.l.google.com.
465,ps151q.org,alt1.aspmx.l.google.com.
466,ps154queensny.org,mx.hover.com.cust.hostedemail.com.
467,rcis237.org,aspmx2.googlemail.com.
468,ps91q.org,aspmx.l.google.com.
469,ps92q.org,ALT1.ASPMX.L.GOOGLE.COM.
470,veritas.org,aspmx.l.google.com.
471,ps242q.org,alt4.aspmx.l.google.com.
472,ihpch.org,aspmx2.googlemail.com.
473,ps244q.org,aspmx.l.google.com.
474,ps251q.org,alt3.aspmx.l.google.com.
475,ps98q.org,aspmx.l.google.com.
476,p255q.org,aspmx.l.google.com.
477,pathwaysprep.org,alt3.aspmx.l.google.com.
478,ps160q.org,alt2.aspmx.l.google.com.
479,voyagessouth.org,alt3.aspmx.l.google.com.
480,cvsr.org,cvsr-org.mail.protection.outlook.com.
481,ps102q.org,ALT3.ASPMX.L.GOOGLE.COM.
482,ps163.org,alt2.aspmx.l.google.com.
483,fihsnyc.org,alt2.aspmx.l.google.com.
484,epichighschoolsouth.org,alt2.aspmx.l.google.com.
485,ps165q.org,.
486,aofehs.org,mail.echalk.com.
487,PSIS268Q.org,mail.echalk.com.
488,ms172.org,alt2.aspmx.l.google.com.
489,ps173q.org,alt2.aspmx.l.google.com.
490,btechnyc.org,aspmx.l.google.com.
491,ewsis.org,aspmx.l.google.com.
492,yorkearlycollegeacademy.org,mx01.1and1.com.
493,wjps.org,alt4.aspmx.l.google.com.
494,watersidecss.org,alt1.aspmx.l.google.com.
495,tywls-astoria.org,alt4.aspmx.l.google.com.
496,holliswood178.org,alt4.aspmx.l.google.com.
497,theemersonschool.org,aspmx.l.google.com.
498,vanyc.org,alt2.aspmx.l.google.com.
499,ps181q.org,alt1.aspmx.l.google.com.
500,ps182q.org,mail302.ixwebhosting.com.
501,queensunited.org,aspmx.l.google.com.
502,gugcs.org,alt3.aspmx.l.google.com.
503,queenshsofteaching.org,aspmx2.googlemail.com.
504,hillsidearts.org,ALT2.ASPMX.L.GOOGLE.COM.
505,hunterspointcms.org,aspmx2.googlemail.com.
506,nycacademy.org,alt1.aspmx.l.google.com.
507,clanyc.org,alt3.aspmx.l.google.com.
508,bsge.org,alt3.aspmx.l.google.com.
509,mhs.org,ALT1.ASPMX.L.GOOGLE.COM.
510,nychscl.org,alt2.aspmx.l.google.com.
511,psis295.org,aspmx2.googlemail.com.
512,queenstechhs.org,alt3.aspmx.l.google.com.
513,aviationhs.org,park-mx.above.com.
514,hmmarshall.org,mx1-us1.ppe-hosted.com.
515,taehs.org,alt2.aspmx.l.google.com.
516,hsforctea.org,aspmx2.googlemail.com.
517,qshso.org,alt2.aspmx.l.google.com.
518,qhss.org,aspmx.l.google.com.
519,hsleaps.org,aspmx2.googlemail.com.
520,renaissancecharter.org,ALT3.ASPMX.L.GOOGLE.COM.
521,owncs.org,alt1.aspmx.l.google.com.
522,ps343.org,alt1.aspmx.l.google.com.
523,voyagesprep.org,alt2.aspmx.l.google.com.
524,ms356covo.org,alt3.aspmx.l.google.com.
525,p993q.org,aspmx.l.google.com.
526,academyofthecity.org,alt3.aspmx.l.google.com.
527,ps361q.org,alt1.aspmx.l.google.com.
528,bleeker185.org,alt4.aspmx.l.google.com.
529,waveprep.org,aspmx.l.google.com.
530,panamericanihs.org,aspmx3.googlemail.com.
531,middlevillageprep.org,alt2.aspmx.l.google.com.
532,actvf.org,alt1.aspmx.l.google.com.
533,qirtnyc.org,alt1.aspmx.l.google.com.
534,ps377q.org,alt4.aspmx.l.google.com.
535,aeaps303q.org,aspmx.l.google.com.
536,voicecharterschool.org,aspmx.l.google.com.
537,forteprep.org,aspmx2.googlemail.com.
538,ps305.org,alt3.aspmx.l.google.com.
539,ps384q.org,alt2.aspmx.l.google.com.
540,elmcharterschool.org,aspmx.l.google.com.
541,ps201.org,alt2.aspmx.l.google.com.
542,pioneeracademy307.org,alt1.aspmx.l.google.com.
543,ms202q.org,alt4.aspmx.l.google.com.
544,valencecollegeprep.org,alt3.aspmx.l.google.com.
545,oaklandgardens203.org,mail.echalk.com.
546,ndchsqueens.org,ndchsqueens-org.mail.protection.outlook.com.
547,goddardhs308.org,alt1.aspmx.l.google.com.
548,amtnyc.org,aspmx2.googlemail.com.
549,augustmartin.org,aspmx.l.google.com.
550,queenscollegiate.org,aspmx.l.google.com.
551,ps205.org,mx01.ionos.com.
552,jamaicachildrensschool.org,smtp.secureserver.net.
553,q417.org,q417-org.mail.protection.outlook.com.
554,franklin.org,mx.netidentity.com.cust.hostedemail.com.
555,dolphins8.org,mxb.mailgun.org.
556,ps9si.org,alt3.aspmx.l.google.com.
557,ps13si.org,alt3.aspmx.l.google.com.
558,ps16school.org,aspmx3.googlemail.com.
559,ps21statenisland.org,alt2.aspmx.l.google.com.
560,ps22.org,alt4.aspmx.l.google.com.
561,barnes24.org,alt2.aspmx.l.google.com.
562,p25r.org,aspmx.l.google.com.
563,is27.org,alt1.aspmx.l.google.com.
564,is34.org,alt1.aspmx.l.google.com.
565,johnbowne.org,aspmx.l.google.com.
566,foresthillshs.org,alt3.aspmx.l.google.com.
567,wcbryanths.org,alt1.aspmx.l.google.com.
568,newtownhighschool.org,alt4.aspmx.l.google.com.
569,csihighschool.org,mail.echalk.com.
570,flushinghighschool.org,alt2.aspmx.l.google.com.
571,richmondhillhs.org,alt3.aspmx.l.google.com.
572,johnadamsnyc.org,aspmx.l.google.com.
573,groverclevelandhs.org,ASPMX.L.GOOGLE.COM.
574,masths.org,alt3.aspmx.l.google.com.
575,baysidehighschool.org,alt4.aspmx.l.google.com.
576,hartshs.org,alt1.aspmx.l.google.com.
577,franksinatraschoolofthearts.org,mailstore1.secureserver.net.
578,hillcrestweb.org,hillcrestweb.org.
579,mchslic.org,aspmx.l.google.com.
580,thhs.org,ASPMX.L.GOOGLE.COM.
581,ps50si.org,aspmx.l.google.com.
582,is51.org,mail.echalk.com.
583,highschoolforartsandbusiness.org,aspmx.l.google.com.
584,ps53r.org,aspmx.l.google.com.
585,ps55.org,mail.echalk.com.
586,theharborviewschool.org,alt1.aspmx.l.google.com.
587,williamamorrisis61.org,aspmx3.googlemail.com.
588,ps62si.org,aspmx2.googlemail.com.
589,maels.org,maels.org.
590,gaynormccownels.org,alt1.aspmx.l.google.com.
591,newworldprep.org,aspmx.l.google.com.
592,flesonline.org,aspmx.l.google.com.
593,psms5.org,alt2.aspmx.l.google.com.
594,ps6x.org,alt1.aspmx.l.google.com.
595,ps7bronx.org,alt2.aspmx.l.google.com.
596,ps14.org,mail.ps14.org.
597,p017x.org,alt3.aspmx.l.google.com.
598,newdorphs.org,alt2.aspmx.l.google.com.
599,portrichmondhs.org,aspmx3.googlemail.com.
600,ps19.org,mx1.ovh.net.
601,curtishs.org,alt2.aspmx.l.google.com.
602,mottjhs.org,alt1.aspmx.l.google.com.
603,concordnyc.org,alt2.aspmx.l.google.com.
604,ps24school.org,alt1.aspmx.l.google.com.
605,mckeecths.org,alt3.aspmx.l.google.com.
606,siths.org,siths.org.s9a2.psmtp.com.
607,psms29.org,aspmx.l.google.com.
608,hungerfordschool.org,mail.echalk.com.
609,ps30x.org,aspmx.l.google.com.
610,ps36x.org,aspmx.l.google.com.
611,ps41gunhillroad.org,alt4.aspmx.l.google.com.
612,ps46bronx.org,mail.echalk.com.
613,ps48x.org,aspmx2.googlemail.com.
614,ps54.org,alt2.aspmx.l.google.com.
615,ps100x.org,aspmx.l.google.com.
616,ps62x.org,aspmx.l.google.com.
617,ps103.org,ps103.org.
618,ps106x.org,ghs.google.com.
619,ps109x.org,alt1.aspmx.l.google.com.
620,ps68bronx.org,aspmx.l.google.com.
621,ps71.org,_dc-mx.20e525ebb313.ps71.org.
622,ps73x.org,alt2.aspmx.l.google.com.
623,childrensaidcollegeprep.org,mx0b-0020cf01.pphosted.com.
624,PS83.org,alt3.aspmx.l.google.com.
625,rka141.org,aspmx2.googlemail.com.
626,ps85bronx.org,alt4.aspmx.l.google.com.
627,ps86x.org,alt4.aspmx.l.google.com.
628,ps159bronx.org,alt4.aspmx.l.google.com.
629,thewaltdisneyschool.org,mail.echalk.com.
630,ps161x.org,alt2.aspmx.l.google.com.
631,gcacs.org,gcacs-org.mail.protection.outlook.com.
632,psms95x.org,aspmx5.googlemail.com.
633,baychesteracademy.org,_dc-mx.39bf762fee2b.baychesteracademy.org.
634,ps170x.org,alt2.aspmx.l.google.com.
635,eximiusprep.org,aspmx.l.google.com.
636,p176x.org,alt3.aspmx.l.google.com.
637,bronxmath.org,alt1.aspmx.l.google.com.
638,appabx.org,alt4.aspmx.l.google.com.
639,bxcsm.org,aspmx3.googlemail.com.
640,validusprep.org,aspmx.l.google.com.
641,p186x.org,smtp.secureserver.net.
642,bronxhaven.org,alt4.aspmx.l.google.com.
643,bronxsoftware.org,aspmx.l.google.com.
644,p188x.org,mail302.ixwebhostng.com.
645,bronxlabschool.org,alt3.aspmx.l.google.com.
646,brillaschools.org,alt1.aspmx.l.google.com.
647,is190.org,alt1.aspmx.l.google.com.
648,paihsmonroe.org,aspmx.l.google.com.
649,bsswa.org,alt2.aspmx.l.google.com.
650,bgligschool.org,alt2.aspmx.l.google.com.
651,ps205x.org,aspmx4.googlemail.com.
652,ps207.org,aspmx3.googlemail.com.
653,thewae.org,aspmx.l.google.com.
654,havenacademy.org,alt3.aspmx.l.google.com.
655,bronxcommunity.org,aspmx3.googlemail.com.
656,cimsnyc.org,alt1.aspmx.l.google.com.
657,kappa-ms215.org,alt3.aspmx.l.google.com.
658,ps291bronx.org,aspmx2.googlemail.com.
659,renaissancemtt.org,alt2.aspmx.l.google.com.
660,tbcsc.org,tbcsc-org.mail.eo.outlook.com.
661,ps294.org,alt4.aspmx.l.google.com.
662,is219.org,alt4.aspmx.l.google.com.
663,sbaam296.org,alt4.aspmx.l.google.com.
664,macsx297.org,aspmx2.googlemail.com.
665,astorcollegiate.org,aspmx2.googlemail.com.
666,chslsj.org,aspmx.l.google.com.
667,bronxbridges.org,aspmx.l.google.com.
668,bronxcollegiate.org,alt3.aspmx.l.google.com.
669,belmontprephs.org,alt1.aspmx.l.google.com.
670,sbcsica.org,alt3.aspmx.l.google.com.
671,fordhamleadership.org,aspmx2.googlemail.com.
672,bronxlawhs.org,alt2.aspmx.l.google.com.
673,lucero311.org,mail.echalk.com.
674,eaglebronx.org,alt2.aspmx.l.google.com.
675,celiacruzschool.org,smtp.google.com.
676,ps443.org,mx30.mailspamprotection.com.
677,cis313.org,alt4.aspmx.l.google.com.
678,thefairmontschool.org,57yulfoi75ix6utwpbluqiyx775novpd5muqkogmyo7pr23mpu3a.mx-verification.google.com.
679,svabx.org,aspmx.l.google.com.
680,mchsbronx.org,aspmx.l.google.com.
681,gchs.org,mx01.ionos.com.
682,amsbronx.org,alt1.aspmx.l.google.com.
683,motthallsta.org,alt4.aspmx.l.google.com.
684,motthallv.org,alt2.aspmx.l.google.com.
685,beca324.org,alt3.aspmx.l.google.com.
686,westbronxacademy.org,alt3.aspmx.l.google.com.
687,bgms.org,alt3.aspmx.l.google.com.
688,samaracommunityschool.org,alt3.aspmx.l.google.com.
689,atmosphere.org,alt3.aspmx.l.google.com.
690,nngcs.org,aspmx.l.google.com.
691,urbanscholarscs.org,alt1.aspmx.l.google.com.
692,dyprep.org,alt3.aspmx.l.google.com.
693,ms337.org,alt2.aspmx.l.google.com.
694,hostoslincoln.org,aspmx.l.google.com.
695,is339.org,alt4.aspmx.l.google.com.
696,bronxlgj.org,aspmx.l.google.com.
697,bronxdalehs.org,aspmx.l.google.com.
698,marblehillschool.org,alt2.aspmx.l.google.com.
699,languageandinnovation.org,alt2.aspmx.l.google.com.
700,thecinemaschool.org,smtp.secureserver.net.
701,bronxenvision.org,alt4.aspmx.l.google.com.
702,ms343.org,smtp.secureserver.net.
703,thesteambridgeschool.org,alt1.aspmx.l.google.com.
704,hydebronxny.org,alt2.aspmx.l.google.com.
705,bxdesign.org,aspmx.l.google.com.
706,classicalcharterschools.org,classicalcharterschools-org.mail.protection.outlook.com.
707,crotonaihs.org,alt4.aspmx.l.google.com.
708,ilchs.org,ilchs-org.mail.protection.outlook.com.
709,bronxbetterlearning.org,bronxbetterlearning-org.mail.protection.outlook.com.
710,ps01.org,alt1.aspmx.l.google.com.
711,bronxriverhighschool.org,aspmx.l.google.com.
712,yalowcharter.org,alt4.aspmx.l.google.com.
713,egbertintermediateschool.org,ms18745548.msv1.invalid.outlook.com.
714,ps3blueherons.org,alt2.aspmx.l.google.com.
715,ps4si.org,alt4.aspmx.l.google.com.
716,bronxarena.org,aspmx2.googlemail.com.
717,bxchs.org,aspmx.l.google.com.
718,worldviewhs.org,aspmx2.googlemail.com.
719,ps5si.org,mail.echalk.com.
720,pelhamprepacademy.org,aspmx2.googlemail.com.
721,ps6statenisland.org,aspmx.l.google.com.
722,hsvd.org,aspmx2.googlemail.com.
723,is7vikings.org,alt1.aspmx.l.google.com.
724,equalitycharterschool.org,aspmx.l.google.com.
725,bronxtheatrehighschool.org,aspmx.l.google.com.
726,cishs.org,alt2.aspmx.l.google.com.
727,discoveryhsbronx.org,alt1.aspmx.l.google.com.
728,bronxletters.org,smtp.secureserver.net.
729,ms363aple.org,alt3.aspmx.l.google.com.
730,sbecacs.org,alt1.aspmx.l.google.com.
731,nycmcs.org,aspmx.l.google.com.
732,virtualacademynyc.org,aspmx.l.google.com.
733,universityheightshighschool.org,alt2.aspmx.l.google.com.
734,westchestersquare.org,aspmx3.googlemail.com.
735,archimedesacademy.org,aspmx.l.google.com.
736,bronxcompass.org,alt1.aspmx.l.google.com.
737,in-techacademy.org,aspmx2.googlemail.com.
738,claremontihs.org,mail.claremontihs.org.
739,storefrontacademycs.org,alt1.aspmx.l.google.com.
740,hsenergytech.org,alt2.aspmx.l.google.com.
741,pgms566.org,aspmx3.googlemail.com.
742,kappainternational.org,alt2.aspmx.l.google.com.
743,tywlsbronx.org,alt1.aspmx.l.google.com.
744,southbronxcommunity.org,ALT2.ASPMX.L.GOOGLE.COM.
745,legacycollegeprep.org,alt4.aspmx.l.google.com.
746,flhfhs.org,alt3.aspmx.l.google.com.
747,hsas-lehman.org,aspmx.l.google.com.
748,htcsbronx.org,htcsbronx-org.mail.protection.outlook.com.
749,newpathwaysacademy.org,alt4.aspmx.l.google.com.
750,p596x.org,alt1.aspmx.l.google.com.
751,p723x.org,aspmx.l.google.com.
752,urbanassembly.org,ALT3.ASPMX.L.GOOGLE.COM.
753,bronxarts.org,bronxarts-org.mail.protection.outlook.com.
754,cmccs.org,alt3.aspmx.l.google.com.
755,aesmithhs.org,alt1.aspmx.l.google.com.
756,emblazeacademy.org,aspmx.l.google.com.
757,aecicharterhs.org,alt3.aspmx.l.google.com.
758,creoprep.org,alt3.aspmx.l.google.com.
759,boldschools.org,alt2.aspmx.l.google.com.
760,wildflowerschools.org,alt3.aspmx.l.google.com.
761,ps59.com,smtpin.rzone.de.
762,seeallacademy.com,alt2.aspmx.l.google.com.
763,thedorseyschool.com,aspmx.l.google.com.
764,ps10.com,mail.computer.com.
765,is68.com,mx1.ewebdevelopment.com.
766,successacademies.com,mailstore1.secureserver.net.
767,juanmorelcampos.com,aspmx.l.google.com.
768,ps186.com,alt2.aspmx.l.google.com.
769,is187nyc.com,"aspmx.l.google.com,."
770,shellbankjhs.com,alt2.aspmx.l.google.com.
771,RoyHMann.com,royhmann-com.mail.protection.outlook.com.
772,cs21.com,cs21-com.mail.protection.outlook.com.
773,ps24brooklyn.com,alt1.aspmx.l.google.com.
774,ps25k.com,aspmx3.googlemail.com.
775,ps92k.com,aspmx.l.google.com.
776,ps200.com,aspmx2.googlemail.com.
777,dockstreetschoolnyc.com,alt1.aspmx.l.google.com.
778,ps101k.com,aspmx2.googlemail.com.
779,ps321.com,.
780,psis104.com,mail.echalk.com.
781,ps46brooklyn.com,aspmx.l.google.com.
782,ms50.com,ms50-com.mail.protection.outlook.com.
783,ps214k.com,mail.ps214k.com.
784,ps215.com,mailstore1.secureserver.net.
785,p53k.com,aspmx2.googlemail.com.
786,inths.com,.
787,ps116klma.com,ps116klma.com.
788,blog.com,smtpin1.smail.eu.
789,ps123k.com,aspmx.l.google.com.
790,newvoicesbrooklyn.com,aspmx.l.google.com.
791,psis226.com,alt2.aspmx.l.google.com.
792,newutrechthighschoolnyc.com,alt3.aspmx.l.google.com.
793,elijahstroudmiddleschool.com,aspmx.l.google.com.
794,bcs448.com,mx01.ionos.com.
795,229k.com,localhost.
796,nyc.com,mx1.emailsrvr.com.
797,achievementfirst.com,mailx.gridhost.com.
798,ps130brooklyn.com,ALT1.ASPMX.L.GOOGLE.com.
799,cyberartsbk.com,aspmx.l.google.com.
800,launchschool.com,alt4.aspmx.l.google.com.
801,bcmsbengals.com,alt1.aspmx.l.google.com.
802,ebtbrooklyn.com,alt2.aspmx.l.google.com.
803,ms136brooklyn.com,aspmx3.googlemail.com.
804,is234.com,smtp.secureserver.net.
805,hstat.com,localhost.
806,ps139.com,mx.ps139.com.
807,370k.com,mxbiz2.qq.com.
808,twain239.com,mx.hover.com.cust.hostedemail.com.
809,bklawtech.com,alt3.aspmx.l.google.com.
810,ps247.com,.
811,catonschool.com,alt3.aspmx.l.google.com.
812,ps251.com,aspmx2.googlemail.com.
813,ps153.com,mail.h-email.net.
814,ps154.com,alt3.aspmx.l.google.com.
815,is162.com,smtp.secureserver.net.
816,bsmartnow.com,aspmx.l.google.com.
817,ps170.com,alt1.aspmx.l.google.com.
818,mckinneyssa.com,alt1.aspmx.l.google.com.
819,mlfa581.com,alt1.aspmx.l.google.com.
820,khalilgibranhs.com,aspmx3.googlemail.com.
821,atechhs.com,atechhs.com.
822,uainstitute.com,aspmx2.googlemail.com.
823,is281.com,alt2.aspmx.l.google.com.
824,282parkslope.com,mail.282parkslope.com.
825,brooklynleadershiphs.com,aspmx.l.google.com.
826,meyerlevin.com,mx2-hosting.jellyfish.systems.
827,aelnyc.com,aelnyc-com.mail.protection.outlook.com.
828,aoiths.com,mailstore1.secureserver.net.
829,midwoodhighschool.com,mail.h-email.net.
830,gradyhs.com,aspmx.l.google.com.
831,facebook.com,smtpin.vvv.facebook.com.
832,brooklynbrownstoneschool.com,smtp.secureserver.net.
833,ps290juanmorelcampos.com,alt2.aspmx.l.google.com.
834,professionalpathwayshighschool.com,aspmx.l.google.com.
835,hsmp.com,hsmp-com.mail.protection.outlook.com.
836,alhs.com,alt1.aspmx.l.google.com.
837,acebrooklyn.com,alt4.aspmx.l.google.com.
838,urbanactionacademy.com,alt2.aspmx.l.google.com.
839,metrodphs.com,aspmx2.googlemail.com.
840,paveschools.com,mailstore1.secureserver.net.
841,ascendlearning.com,us-smtp-inbound-2.mimecast.com.
842,whmaxwell.com,alt1.aspmx.l.google.com.
843,highschoolforpublicservice.com,aspmx.l.google.com.
844,nhaschools.com,nhaschools-com.mail.protection.outlook.com.
845,libertyavems.com,alt1.aspmx.l.google.com.
846,mesacharter.com,mesacharter-com.mail.protection.outlook.com.
847,bkmusicntheatre.com,aspmx.l.google.com.
848,bssjbrooklyn.com,alt2.aspmx.l.google.com.
849,aclanyc.com,alt1.aspmx.l.google.com.
850,bges.com,mail.mailerhost.net.
851,unityprep.com,smtp.secureserver.net.
852,ps971.com,aspmx3.googlemail.com.
853,williamsburgprep.com,aspmx.l.google.com.
854,madibaprep.com,mx2.emailsrvr.com.
855,brooklynx.com,mail.brooklynx.com.
856,elpuente.com,mail.nominalia.com.
857,mybrooklynstudionyc.com,aspmx3.googlemail.com.
858,icsnyc.com,icsnyc-com.mail.protection.outlook.com.
859,ps770.com,aspmx2.googlemail.com.
860,sunsetparkprep.com,aspmx3.googlemail.com.
861,ps889.com,mxdomain.qq.com.
862,belahs.com,mailstore1.secureserver.net.
863,allmychildrendaycare.com,aspmx.l.google.com.
864,ps6nyc.com,aspmx2.googlemail.com.
865,yorkvillecommunityschool.com,mailstore1.secureserver.net.
866,tagscholars.com,alt1.aspmx.l.google.com.
867,ps158.com,mail.ps158.com.
868,x.com,alt2.aspmx.l.google.com.
869,ps33chelseaprep.com,aspmx3.googlemail.com.
870,mbbms.com,localhost.
871,ps64.com,mx01.ionos.com.
872,democracyprep.com,ASPMX.L.GOOGLE.com.
873,ps189m.com,mail.ps189m.com.
874,lowerlab.com,w01ef553.kasserver.com.
875,ps87.com,mx3.nfrance.com.
876,ps96act.com,alt4.aspmx.l.google.com.
877,p226m.com,aspmx.l.google.com.
878,ps242.com,mail.echalk.com.
879,thecenterschool.com,thecenterschool.com.pri-mx.na0102.smtproutes.com.
880,dospuentes.com,ALT1.ASPMX.L.GOOGLE.com.
881,esms.com,aspmx.l.google.com.
882,ps124m.com,aspmx2.googlemail.com.
883,ps126mat.com,mail.h-email.net.
884,johnhfinley.com,alt2.aspmx.l.google.com.
885,ocsny.com,ocsny-com.mail.protection.outlook.com.
886,meca-nyc.com,mx1.dreamhost.com.
887,westendsecondary.com,alt2.aspmx.l.google.com.
888,schoolinthesquare.com,mailstore1.secureserver.net.
889,hshm.com,.
890,labmiddleschool.com,aspmx2.googlemail.com.
891,publicprep.com,ASPMX3.GOOGLEMAIL.com.
892,nycautismcharterschool.com,mailstore1.secureserver.net.
893,ppasnyc.com,mailstore1.secureserver.net.
894,hsfi.com,smtp.getontheweb.com.
895,newheightsacademy.com,mx2-us1.ppe-hosted.com.
896,climatejustice.com,smtp.secureserver.net.
897,tmanyc.com,tmanyc-com.mail.protection.outlook.com.
898,theheritageschoolnyc.com,aspmx.l.google.com.
899,cwsnyc.com,alt4.aspmx.l.google.com.
900,jvlwildcat.com,alt4.aspmx.l.google.com.
901,blackbinder.com,mx.blackbinder.com.
902,tsmsonline.com,tsmsonline.com.
903,zetaschools.com,smtp.secureserver.net.
904,cpe2.com,mailstore1.secureserver.net.
905,mhacademy.com,a.mx.domainoo.fr.
906,gramercyhs.com,mail.gramercyhs.com.
907,mosaicprep.com,alt4.aspmx.l.google.com.
908,mcsm.com,mx002.netsol.xion.oxcs.net.
909,hudsonhs.com,alt2.aspmx.l.google.com.
910,ballettech.com,smtp.secureserver.net.
911,eschs.com,in2-smtp.messagingengine.com.
912,stuy.com,localhost.
913,beaconschool.com,beaconschool-com.mail.protection.outlook.com.
914,ps12.com,mx01.ionos.com.
915,ps13queens.com,alt4.aspmx.l.google.com.
916,ps18q.com,alt1.aspmx.l.google.com.
917,homeinstructionschools.com,alt2.aspmx.l.google.com.
918,lespnyc.com,alt4.aspmx.l.google.com.
919,adrienblockis25.com,mailstore1.secureserver.net.
920,mbanyc.com,aspmx.l.google.com.
921,ps26q.com,mail.ps26q.com.
922,nycboss.com,mail.nycboss.com.
923,tuhs.com,smtp.getontheweb.com.
924,ps33q.com,aspmx4.googlemail.com.
925,broomestreetacademy.com,aspmx.l.google.com.
926,hospitalschools.com,mailstore1.secureserver.net.
927,ps40q.com,ps40q-com.mail.protection.outlook.com.
928,ps46q.com,alt2.aspmx.l.google.com.
929,aprandolph.com,apsmx.l.google.com.
930,psms47q.com,alt1.aspmx.l.google.com.
931,49online.com,mx1.ewebdevelopment.com.
932,ps50q.com,aspmx.l.google.com.
933,ps108q.com,alt2.aspmx.l.google.com.
934,newdesignhigh.com,alt2.aspmx.l.google.com.
935,ihsnyc.com,aspmx3.googlemail.com.
936,ps55q.com,aspmx.l.google.com.
937,ps56q.com,aspmx.l.google.com.
938,afsenyc.com,ASPMX4.GOOGLEMAIL.com.
939,libertyhsnyc.com,mail.libertyhsnyc.com.
940,ps062.com,alt2.aspmx.l.google.com.
941,ps63oldsouthschool.com,alt2.aspmx.l.google.com.
942,cityas.com,cityas.com.
943,ps121q.com,alt2.aspmx.l.google.com.
944,urbanacademy.com,urbanacademy-com.mail.protection.outlook.com.
945,ps123q.com,aspmx3.googlemail.com.
946,ps69q.com,webmail.ps69q.com.
947,psis128.com,aspmx2.googlemail.com.
948,ps129.com,alt1.aspmx.l.google.com.
949,ps131q.com,mail.ps131q.com.
950,ps209q.com,aspmx.l.google.com.
951,elmtreeschool.com,alt2.aspmx.l.google.com.
952,ps212q.com,aspmx3.googlemail.com.
953,ps213q.com,aspmx.l.google.com.
954,ps139q.com,alt2.aspmx.l.google.com.
955,ms217q.com,aspmx.l.google.com.
956,ps88q.com,alt3.aspmx.l.google.com.
957,145innovators.com,aspmx2.googlemail.com.
958,psms147q.com,mailstore1.secureserver.net.
959,virgilgrissom.com,ASPMX.L.GOOGLE.com.
960,ps148q.com,alt3.aspmx.l.google.com.
961,armstrong227q.com,alt4.aspmx.l.google.com.
962,p233q.com,p233q.com.
963,ps234queens.com,alt3.aspmx.l.google.com.
964,ps90queens.com,alt2.aspmx.l.google.com.
965,veritas.com,veritas-com.mail.protection.outlook.com.
966,halsey157.com,alt2.aspmx.l.google.com.
967,ps242q.com,alt1.aspmx.l.google.com.
968,ps254q27.com,alt2.aspmx.l.google.com.
969,ms158q.com,mail.echalk.com.
970,ps161q.com,alt2.aspmx.l.google.com.
971,cvsr.com,cvsr-com.mail.protection.outlook.com.
972,psms164.com,alt4.aspmx.l.google.com.
973,ps165q.com,.
974,ps166q.com,ps166q-com.mail.protection.outlook.com.
975,ephschool.com,alt4.aspmx.l.google.com.
976,metropolitanels.com,aspmx2.googlemail.com.
977,hsac1.com,hsac1-com.mail.protection.outlook.com.
978,ewsis.com,.
979,ps176q.com,alt4.aspmx.l.google.com.
980,yorkearlycollegeacademy.com,alt1.aspmx.l.google.com.
981,wjps.com,mail1.namebrightmail.com.
982,publicschool177q.com,aspmx2.googlemail.com.
983,theemersonschool.com,alt2.aspmx.l.google.com.
984,queensunited.com,mailin100.dcpserver.de.
985,scholarsnyc.com,alt2.aspmx.l.google.com.
986,hillsidearts.com,mx01.ionos.com.
987,thebellacademy.com,alt4.aspmx.l.google.com.
988,mhs.com,mail.mhs.com.
989,psis295.com,alt3.aspmx.l.google.com.
990,ps329q.com,aspmx3.googlemail.com.
991,rfkchs.com,alt1.aspmx.l.google.com.
992,epicnorth.com,alt4.aspmx.l.google.com.
993,qshso.com,aspmx3.googlemail.com.
994,reacschool.com,mattnj-mx1.titanhq.com.
995,ps343.com,eforward5.registrar-servers.com.
996,p721q.com,aspmx4.googlemail.com.
997,p811q.com,alt2.aspmx.l.google.com.
998,ps184q.com,smtp.secureserver.net.
999,jhs189q.com,aspmx.l.google.com.
1000,ps193q.com,alt2.aspmx.l.google.com.
1001,actvf.com,mx14.gmoserver.jp.
1002,ps196q.com,aspmx2.googlemail.com.
1003,ps305.com,aspmx.l.google.com.
1004,queenscollegiate.com,queenscollegiate-com.mail.protection.outlook.com.
1005,cardozohigh.com,alt4.aspmx.l.google.com.
1006,casa311.com,alt2.aspmx.l.google.com.
1007,franklin.com,alt2.aspmx.l.google.com.
1008,dolphins8.com,alt3.aspmx.l.google.com.
1009,ps10forthill.com,aspmx.l.google.com.
1010,barnes24.com,mail.h-email.net.
1011,p25r.com,mailstore1.secureserver.net.
1012,ps32statenisland.com,alt1.aspmx.l.google.com.
1013,johnbowne.com,mx2.forwardemail.net.
1014,francislewishs.com,mail.h-email.net.
1015,ps42.com,ps42-com.mail.protection.outlook.com.
1016,imagineelc.com,smtp.google.com.
1017,hartshs.com,mail.h-email.net.
1018,infotechhs.com,alt4.aspmx.l.google.com.
1019,mchslic.com,park-mx.above.com.
1020,thhs.com,smtp.getontheweb.com.
1021,ps65si.com,route2.mx.cloudflare.net.
1022,is72.com,mail.is72.com.
1023,is75.com,mail.h-email.net.
1024,petridesschool.com,aspmx.l.google.com.
1025,psms5.com,mx-van.mail.am0.yahoodns.net.
1026,portrichmondhs.com,.
1027,ps19.com,mx2.daemonmail.net.
1028,tottenvillehs.com,aspmx.l.google.com.
1029,ps32belmont.com,aspmx.l.google.com.
1030,ps35x.com,alt2.aspmx.l.google.com.
1031,theclaremontschool.com,smtp.secureserver.net.
1032,communityschool44.com,ALT1.aspmx.l.google.com.
1033,willisaveschool.com,aspmx3.googlemail.com.
1034,ms101bronx.com,alt2.aspmx.l.google.com.
1035,motthall3.com,alt1.aspmx.l.google.com.
1036,10x80.com,aspmx.l.google.com.
1037,ps89x.com,aspmx.l.google.com.
1038,ps91x.com,alt3.aspmx.l.google.com.
1039,p168x.com,alt2.aspmx.l.google.com.
1040,baychesteracademy.com,alt1.aspmx.l.google.com.
1041,is254.com,aspmx3.googlemail.com.
1042,excellencecommunityschools.com,mailstore1.secureserver.net.
1043,bronxlatin.com,alt1.aspmx.l.google.com.
1044,psms194.com,alt3.aspmx.l.google.com.
1045,ms390.com,alt3.aspmx.l.google.com.
1046,ps277x.com,alt3.aspmx.l.google.com.
1047,is206.com,alt3.aspmx.l.google.com.
1048,thewae.com,mail.mailerhost.net.
1049,ellisprep.com,aspmx2.googlemail.com.
1050,lehmanhs.com,aspmx.l.google.com.
1051,X413.com,www.X413.com.
1052,bhsva418.com,alt4.aspmx.l.google.com.
1053,bronxacademyofpromise.com,alt2.aspmx.l.google.com.
1054,astorcollegiate.com,coloa4.hubblehost.com.
1055,mycis303.com,aspmx.l.google.com.
1056,ps304x.com,smtp.secureserver.net.
1057,thefairmontschool.com,alt1.aspmx.l.google.com.
1058,bxtrumanhighschool.com,alt4.aspmx.l.google.com.
1059,bgms.com,bgms-com.mail.protection.outlook.com.
1060,atmosphere.com,atmosphere-com.mail.protection.outlook.com.
1061,poecenter246.com,aspmx.l.google.com.
1062,bronxacademyofthearts.com,mail.bronxacademyofthearts.com.
1063,ms331.com,ASPMX.L.GOOGLE.com.
1064,marblehillschool.com,athena.hosts.co.uk.
1065,thecinemaschool.com,mailstore1.secureserver.net.
1066,islaschool.com,ALT3.ASPMX.L.GOOGLE.com.
1067,ms343.com,alt1.aspmx.l.google.com.
1068,bccprep.com,aspmx.l.google.com.
1069,bronxwoodprep.com,aspmx.l.google.com.
1070,fdaiii.com,alt2.aspmx.l.google.com.
1071,bxdesign.com,localhost.
1072,ilchs.com,ilchs-com.mail.protection.outlook.com.
1073,x348.com,x348.com.
1074,archerelementary.com,aspmx3.googlemail.com.
1075,hsvd.com,mailstore1.secureserver.net.
1076,highbridgegreen.com,aspmx3.googlemail.com.
1077,highschoolofworldcultures.com,aspmx.l.google.com.
1078,bronxletters.com,.
1079,sbecacs.com,mail.sbecacs.com.
1080,nycmcs.com,mx01.ionos.com.
1081,westchestersquare.com,aspmx5.googlemail.com.
1082,storefrontacademycs.com,alt1.aspmx.l.google.com.
1083,11x370.com,alt1.aspmx.l.google.com.
1084,bpms.com,localhost.
1085,flacsnyc.com,alt3.aspmx.l.google.com.
1086,ps595bronx.com,alt2.aspmx.l.google.com.
1087,bronxarts.com,.
1088,cmccs.com,cmccs-com.mail.protection.outlook.com.
1089,aecicharterhs.com,ghs.google.com.
1090,wildflowerschools.com,eforward5.registrar-servers.com.
1091,bths.edu,ASPMX4.GOOGLEMAIL.COM.
1092,sof.edu,alt4.aspmx.l.google.com.
1093,stuy.edu,alt3.aspmx.l.google.com.
1094,franklin.edu,franklin-edu.mail.protection.outlook.com.
1095,bxscience.edu,alt2.aspmx.l.google.com.
1096,ps59.net,aspmx.l.google.com.
1097,ps69k.net,smtp.google.com.
1098,cs21.net,localhost.
1099,ms88.net,ms88.net.
1100,ps97.net,ps97-net.mail.protection.outlook.com.
1101,ps102.net,aspmx3.googlemail.com.
1102,ps215.net,aspmx.l.google.com.
1103,blog.net,aspmx.l.google.com.
1104,bths.net,mx.bths.net.
1105,nyc.net,alt2.aspmx.l.google.com.
1106,kecss.net,alt3.aspmx.l.google.com.
1107,hstat.net,eforward4.registrar-servers.com.
1108,brooklyncollegiate.net,alt4.aspmx.l.google.com.
1109,is162.net,aspmx2.googlemail.com.
1110,ps170.net,ps170.net.
1111,ms577.net,aspmx.l.google.com.
1112,ps268.net,park-mx.above.com.
1113,atechhs.net,atechhs.net.
1114,uainstitute.net,aspmx3.googlemail.com.
1115,hsmp.net,mail.hsmp.net.
1116,k409.net,mail.k409.net.
1117,alhs.net,mail.h-email.net.
1118,ascendlearning.net,us-smtp-inbound-2.mimecast.com.
1119,starearlycollege.net,route3.mx.cloudflare.net.
1120,bilanyc.net,alt2.aspmx.l.google.com.
1121,bges.net,.
1122,madibaprep.net,smtp.secureserver.net.
1123,elpuente.net,mail.h-email.net.
1124,icsnyc.net,icsnyc.net.
1125,ps150.net,mail.echalk.com.
1126,yorkvillecommunityschool.net,smtp.secureserver.net.
1127,ps158.net,aspmx2.googlemail.com.
1128,47aslhs.net,aspmx.l.google.com.
1129,ps189m.net,alt2.aspmx.l.google.com.
1130,ps102m.net,ps102m.net.
1131,psis217.net,ASPMX.L.GOOGLE.COM.
1132,ellabakerschool.net,mail.h-email.net.
1133,thecomputerschool.net,cpanel1.conexim.com.au.
1134,ms104.net,mx01.lolipop.jp.
1135,esms.net,mx01.servicehoster.ch.
1136,communityactionschool.net,alt4.aspmx.l.google.com.
1137,theclintonschool.net,alt1.aspmx.l.google.com.
1138,psms278.net,aspmx2.googlemail.com.
1139,westendsecondary.net,smtp.google.com.
1140,uasbyw.net,aspmx3.googlemail.com.
1141,bcchsnyc.net,aspmx5.googlemail.com.
1142,sof.net,mail.mailerhost.net.
1143,climatejustice.net,mailstore1.secureserver.net.
1144,millenniumhs.net,mail.millenniumhs.net.
1145,blackbinder.net,blackbinder-net.mail.protection.outlook.com.
1146,fda2.net,alt2.aspmx.l.google.com.
1147,mhacademy.net,aspmx3.googlemail.com.
1148,mosaicprep.net,mosaicprep.net.
1149,vanguardhighschool.net,mx01.ionos.com.
1150,forsythsatellite.net,alt2.aspmx.l.google.com.
1151,beaconschool.net,aspmx.l.google.com.
1152,laguardiahs.net,laguardiahs.net.
1153,earwshs.net,aspmx.l.google.com.
1154,ps43.net,mx3.pub.mailpod8-cph3.one.com.
1155,nestmk12.net,aspmx.l.google.com.
1156,glhs.net,mx.glhs.net.cust.b.hostedemail.com.
1157,ms210q.net,aspmx2.googlemail.com.
1158,ps82q.net,ps82q.net.
1159,ps163.net,smtp.secureserver.net.
1160,ps165q.net,alt3.aspmx.l.google.com.
1161,wjps.net,wjps-net.mail.protection.outlook.com.
1162,rockawayparkhighschool.net,rockawayparkhighschool.net.
1163,bsge.net,mail.bsge.net.
1164,mhs.net,mxb-00090a01.gslb.pphosted.com.
1165,aviationhs.net,mail.echalk.com.
1166,jamaicagateway.net,alt2.aspmx.l.google.com.
1167,ps22.net,smtpin.rzone.de.
1168,p25r.net,mx1.hostinger.com.
1169,ps29bengals.net,alt2.aspmx.l.google.com.
1170,infotechhs.net,aspmx.l.google.com.
1171,maels.net,alt3.aspmx.l.google.com.
1172,is72.net,mx.yandex.net.
1173,newworldprep.net,mx2.hostinger.com.
1174,ps14.net,aspmx3.googlemail.com.
1175,wagnerhigh.net,alt2.aspmx.l.google.com.
1176,psms29.net,aspmx.l.google.com.
1177,ps54.net,mx00.ionos.fr.
1178,ps103.net,alt1.aspmx.l.google.com.
1179,excellencecommunityschools.net,smtp.secureserver.net.
1180,herohigh.net,aspmx.l.google.com.
1181,p186x.net,alt4.aspmx.l.google.com.
1182,emolior.net,alt4.aspmx.l.google.com.
1183,psms194.net,alt1.aspmx.l.google.com.
1184,X413.net,mx.x413.net.cust.b.hostedemail.com.
1185,southbronxprep.net,alt1.aspmx.l.google.com.
1186,bronxwritingacademy.net,aspmx3.googlemail.com.
1187,atmosphere.net,mail1.namebrightmail.com.
1188,poecenter246.net,poecenter246.net.
1189,dyprep.net,park-mx.above.com.
1190,bxdesign.net,SMTP.GOOGLE.COM.
1191,equalitycharterschool.net,mailstore1.secureserver.net.
1192,sbecacs.net,mailstore1.secureserver.net.
1193,ps583.net,alt1.aspmx.l.google.com.
1194,bpms.net,mx00.ionos.com.
1195,bronxarts.net,alt3.aspmx.l.google.com.
